{
  "bandwidth_base": 12330818795.43382,
  "latency_base": 1.2924904864614219e-05,
  "seg": [
    {
      "log": true,
      "min_x": 0,
      "max_x": 15.0,
      "xbr": [
        -16.0778563894789,
        -15.784235974729999,
        -15.6447360899793,
        -15.5246851604093,
        -15.3904739041949,
        -15.162572695246801,
        -14.7505171633725,
        -14.419113116168498,
        -14.0735064411074,
        -13.426049409531501,
        -12.6914424876639,
        -11.9562591128459,
        -11.2210757380279,
        -10.5418082994066,
        -9.82045979540014
      ],
      "height": [
        2608.81042844107,
        7407.605546177049,
        8888.7203085503,
        7767.86226148884,
        3861.34938093187,
        1360.3628587742098,
        2113.59808244763,
        1955.4512167665803,
        235.04726847840197,
        1.36127222631902,
        0.0,
        0.0,
        142.800897680128,
        33.271019301628606
      ],
      "coeff": 7.49242978634595e-09
    },
    {
      "log": true,
      "min_x": 15.0,
      "max_x": 10079.0,
      "xbr": [
        -19.1763004685913,
        -18.5068317779429,
        -17.8374692805649,
        -17.1692749091605,
        -16.5196289623061,
        -15.999981277207901,
        -15.6507383932246,
        -15.4399194553145,
        -15.317662544884698,
        -15.169303054161198,
        -14.875103681963001,
        -14.336410747995501,
        -14.0789283639395,
        -13.621696364272001,
        -12.9683513518346,
        -12.2991304454837,
        -11.6296617548354,
        -10.961060309228001,
        -10.327325654044,
        -9.666334726143251
      ],
      "height": [
        10.456052833808801,
        19.421464529194,
        118.229071331374,
        1734.7910896035598,
        16303.3536816384,
        51826.3959842499,
        122954.12255788401,
        252949.946795363,
        198504.749096077,
        72093.96757554139,
        13729.396812666299,
        90431.57517075869,
        26241.6746623247,
        1405.07692340888,
        31.379772808513998,
        10.456052833808801,
        83.7569233029833,
        3196.92158765058,
        735.2597130848669
      ],
      "coeff": 7.202421473554127e-11
    },
    {
      "log": true,
      "min_x": 10079.0,
      "max_x": 15831.0,
      "xbr": [
        -14.260192070483699,
        -14.1254449695468,
        -14.051379272101,
        -13.8170209876903,
        -13.472832525578001,
        -13.206532264070498,
        -12.9132629615268,
        -12.5637913850324,
        -12.211602778284302,
        -11.8594141715363,
        -11.507225564788198,
        -11.155087273415198,
        -10.804860966294802,
        -10.4593139890557,
        -10.1071253823076,
        -9.7572512828127
      ],
      "height": [
        32071.7237418329,
        74630.943568356,
        9992.54335385954,
        461.956217312503,
        6410.0575430802,
        3992.91705556307,
        154.519004211105,
        0.0,
        0.0,
        0.0,
        2.83979341213076,
        111.35656918710801,
        382.00305224680295,
        0.0,
        131.475865365293
      ],
      "coeff": 5.3443184424593496e-11
    },
    {
      "log": true,
      "min_x": 15831.0,
      "max_x": 63305.0,
      "xbr": [
        -13.513544990102101,
        -13.283495126193301,
        -13.195239067733299,
        -13.1354653862888,
        -13.0402236249003,
        -12.831106615748801,
        -12.539518542697598,
        -12.244934842962198,
        -11.9998520475829,
        -11.806644738687599,
        -11.5367749590975,
        -11.242209525378401,
        -10.9484660623959,
        -10.6626135184841,
        -10.371829150153099,
        -10.077208918385,
        -9.784871938662722,
        -9.49043436705821
      ],
      "height": [
        15379.274475048,
        128044.591578076,
        215145.200648733,
        114637.404780446,
        22398.9431515203,
        579.584748551588,
        16.9731047729058,
        11077.8889876723,
        28751.5003017305,
        5032.056579520179,
        20.368988731115,
        173.62088497959598,
        1689.6823564709302,
        732.501548217857,
        10.1826000950284,
        437.850866905785,
        44.151973979264
      ],
      "coeff": 3.185381614653177e-11
    },
    {
      "log": true,
      "min_x": 63305.0,
      "max_x": 196988.0,
      "xbr": [
        -15.371407703470302,
        -15.2138775003184,
        -15.128554457344599,
        -15.0062381355402,
        -14.718431167695401,
        -14.3245679923476,
        -14.0620053233949,
        -13.6891759742676,
        -13.2845770516321,
        -12.879411734655301,
        -12.4742464176786,
        -12.0691583362938,
        -11.663993019317,
        -11.258853447537598,
        -10.8548724096381,
        -10.463146085668802,
        -10.058624398625302,
        -9.6550037934885
      ],
      "height": [
        61059.348792201905,
        145603.999253044,
        89820.1968270272,
        15838.588028344098,
        1114.60026597377,
        21095.915965866,
        3368.83349698719,
        54.3748358416212,
        0.0,
        0.0,
        7.405796758434909,
        0.0,
        2.46828517789024,
        113.866730575224,
        1332.5629860937,
        61.801383710025505,
        148.65445231583
      ],
      "coeff": 3.503246160812043e-46
    },
    {
      "log": true,
      "min_x": 196988.0,
      "max_x": 3.4028234663852886e+38,
      "xbr": [
        -15.3205884550741,
        -15.160494399543099,
        -15.079028518465499,
        -14.8855353897805,
        -14.545388662557098,
        -14.175046734184,
        -13.859983421059802,
        -13.481385329365,
        -13.099353494769002,
        -12.717321660172901,
        -12.3353200788183,
        -11.9532882442223,
        -11.5712715362469,
        -11.189254828271599,
        -10.8102483178177,
        -10.436354605163901,
        -10.054579923119901,
        -9.67313802673159
      ],
      "height": [
        91646.126093411,
        243905.78898997698,
        64415.8968038659,
        8140.50634257275,
        2086.72983891886,
        14051.7675750947,
        599.5804125262761,
        0.0,
        0.0,
        5.23558042065624,
        0.0,
        2.6176865543393197,
        2.61768655433929,
        527.695420747415,
        1438.91159918538,
        44.528882609460794,
        102.24361919671
      ],
      "coeff": 7.006492321624085e-46
    }
  ]
}