{
  "bandwidth_base": 12330818795.43382,
  "latency_base": 1.2924904864614219e-05,
  "seg": [
    {
      "log": true,
      "min_x": 63305.0,
      "max_x": 3.4028234663852886e+38,
      "xbr": [
        -11.541562041539144,
        -11.441125408005446,
        -11.400596947874545,
        -11.372392420653046,
        -11.341231770713947,
        -11.306064060041345,
        -11.262313043898645,
        -11.167260850740746,
        -11.054191810141747,
        -10.945733341460246,
        -10.851269918507747,
        -10.748196672490847,
        -10.639355545006445,
        -10.532059052445776,
        -10.421953284283596,
        -10.311044865949563,
        -10.199305798019065,
        -10.086544751090685,
        -9.973069718835006
      ],
      "height": [
        28047.5350565562,
        386265.096035713,
        648676.945998964,
        566809.701663792,
        477810.03815685294,
        342030.173378546,
        41775.283991878,
        972.856932519077,
        10123.6907854913,
        43371.2845877054,
        21848.5405963759,
        9334.7066819517,
        12553.998437911001,
        6766.22135638404,
        5166.42477286285,
        3535.0214326622204,
        1560.8226847324402,
        202.687759084986
      ],
      "coeff": 8.10976153806028e-11
    }
  ]
}