{
  "bandwidth_base": 12330818795.43382,
  "latency_base": 1.2924904864614219e-05,
  "seg": [
    {
      "log": true,
      "min_x": 0,
      "max_x": 8.0,
      "xbr": [
        -14.111224802113302,
        -14.0810816479036,
        -14.034911122999599,
        -13.998232194779598,
        -13.906529956351399,
        -13.537975430577701,
        -13.2685458875824,
        -13.237774228915699,
        -13.180145758662,
        -12.8908549097585,
        -12.437646095780599,
        -11.984690644835599
      ],
      "height": [
        12805.561001175,
        25919.7979789267,
        10367.821788225201,
        3621.8318530437896,
        243.81370006472,
        655.467103429189,
        12526.1366130476,
        6280.71153045921,
        550.386286919983,
        34.8146005669485,
        35.3235621000269
      ],
      "coeff": 9.183549615799121e-41
    },
    {
      "log": true,
      "min_x": 8.0,
      "max_x": 8319.0,
      "xbr": [
        -14.316463553773,
        -14.008070832606098,
        -13.917922528714302,
        -13.8724990589011,
        -13.789456304093498,
        -13.7416266865713,
        -13.5545026692211,
        -13.1511886134568,
        -13.028009081902,
        -12.9861640782688,
        -12.908647475007301,
        -12.681234459632401,
        -12.2776932066046,
        -11.883103525757502,
        -11.4790397190237,
        -11.074635116394598,
        -10.670253233492
      ],
      "height": [
        13923.56456288,
        154188.923014421,
        349343.990912709,
        816636.638398714,
        329555.438200245,
        51471.3256334429,
        287.61705262207903,
        101039.62058247,
        382982.904627526,
        186487.135864631,
        34554.8230624574,
        262.674507760155,
        1267.13906690766,
        205.413102130871,
        168.148432431125,
        170.630789650406
      ],
      "coeff": 8.06352404510292e-11
    },
    {
      "log": true,
      "min_x": 8319.0,
      "max_x": 63305.0,
      "xbr": [
        -23.607119026872695,
        -22.272824740271503,
        -20.941455688131896,
        -19.6208124956848,
        -18.3445353592383,
        -17.185755140332102,
        -16.2309275975967,
        -15.520278217913999,
        -15.0548855514064,
        -14.7694196110009,
        -14.5170093838853,
        -13.532982069097901,
        -12.952119305458801,
        -12.848063488721001,
        -12.707307696871,
        -12.5655694681293,
        -12.372572009174302,
        -11.872537435739801,
        -10.6686598522175
      ],
      "height": [
        5.2462189715516105,
        14.271024228380401,
        47.70402812834121,
        191.964576504249,
        627.383854279293,
        1637.63799525673,
        3609.8506667864003,
        7674.03342312302,
        15096.5142619674,
        17610.7878217758,
        1467.3144802279999,
        5333.02109508317,
        48567.4689591975,
        34834.6284898737,
        34564.7435636093,
        24294.973273667,
        6858.1850280155795,
        450.211888167416
      ],
      "coeff": 1.141520803820864e-10
    }
  ]
}