{
  "bandwidth_base": 12330818795.43382,
  "latency_base": 1.2924904864614219e-05,
  "seg": [
    {
      "log": true,
      "min_x": 0,
      "max_x": 8.0,
      "xbr": [
        -16.0645658429023,
        -15.9268919677419,
        -15.8146632295928,
        -15.7246078482634,
        -15.5145642420779,
        -15.186496760337,
        -14.731624798547301,
        -14.449043295371899,
        -13.957256712520001,
        -13.3942266773347,
        -12.8311966421495,
        -12.268166606964199,
        -11.705136571779,
        -11.1427915697892
      ],
      "height": [
        4510.1353222374,
        5863.66917728068,
        7666.84320115182,
        2453.22242306672,
        1045.4995520750301,
        347.102832455122,
        1448.7645909548,
        211.473845823314,
        0.0,
        0.0,
        0.0,
        0.0,
        1.77826778305436
      ],
      "coeff": 6.785879450666414e-09
    },
    {
      "log": true,
      "min_x": 8.0,
      "max_x": 4778.0,
      "xbr": [
        -16.477867515041197,
        -16.0778382774327,
        -15.7506068444978,
        -15.551570498528699,
        -15.4623780487743,
        -15.409542779523198,
        -15.348182871594501,
        -15.197827516127301,
        -14.9868867811383,
        -14.6815562584295,
        -14.3517887763186,
        -14.1604485333405,
        -13.890901224729301,
        -13.5270216823131,
        -13.1240605959461,
        -12.720190636463899,
        -12.316437950932,
        -11.912567991449801,
        -11.508742009698999,
        -11.105282509043
      ],
      "height": [
        659.951761471829,
        15982.5721908613,
        70213.3066800113,
        240694.68816835698,
        453263.570133793,
        380815.15901933704,
        115033.07669384,
        62401.063115083605,
        22022.0367762347,
        15335.047493550801,
        75781.2354281521,
        34001.4524619831,
        7502.482777329909,
        158.824269055353,
        4.952089040155889,
        24.767637116338,
        4.952089040155889,
        12.381570839800998,
        74.3569055908244
      ],
      "coeff": 7.794590369905746e-11
    },
    {
      "log": true,
      "min_x": 4778.0,
      "max_x": 8133.0,
      "xbr": [
        -23.4465676683747,
        -22.563639371817604,
        -21.681075229331398,
        -20.799239394986802,
        -19.9166752525005,
        -19.0359318803685,
        -18.1588300489448,
        -17.295566072213,
        -16.4475965664564,
        -15.6171064561001,
        -14.800818354506399,
        -14.297702753833802,
        -14.0530344927603,
        -13.650891620406199,
        -12.8254996670416,
        -11.943299678626198,
        -11.0658336931317
      ],
      "height": [
        1.13259480288425,
        2.2661242438038,
        4.53599167125365,
        2.2661242438038,
        7.947831594866001,
        19.3820140272725,
        63.7116820375406,
        114.39090597185101,
        174.59569739823002,
        225.410611328003,
        2075.069822133,
        7167.745223135799,
        3285.59905265228,
        192.635752446889,
        3.4005894801569103,
        18.234325050198898
      ],
      "coeff": 1.4580881211228056e-10
    },
    {
      "log": true,
      "min_x": 8133.0,
      "max_x": 33956.0,
      "xbr": [
        -12.7523678843852,
        -12.6163010690588,
        -12.5689766180961,
        -12.5357512460232,
        -12.504964206831099,
        -12.46875851742,
        -12.3663815713362,
        -12.2729189765075,
        -12.152492033431,
        -12.027853528357598,
        -11.8636081419381,
        -11.687885268201802,
        -11.5118324818194,
        -11.3369430716099,
        -11.167766359323599,
        -10.992373398233301,
        -10.817345077435998,
        -10.641188108112802
      ],
      "height": [
        17019.8159694582,
        156929.319356023,
        247960.32222140898,
        272159.980949233,
        222808.47660286,
        41572.4990904514,
        51030.596053234905,
        26709.5385387958,
        23861.005058171202,
        4219.2965970449795,
        182.104920774387,
        73.8414896300896,
        457.431927434346,
        2417.59042644003,
        290.77563707784304,
        411.36199942963,
        39.737286732933
      ],
      "coeff": 1.0427373559893979e-10
    },
    {
      "log": true,
      "min_x": 33956.0,
      "max_x": 63305.0,
      "xbr": [
        -12.056352428446901,
        -11.9434938842596,
        -11.8980727380725,
        -11.8633040249108,
        -11.8267111400776,
        -11.7620992421471,
        -11.6346511470193,
        -11.4983088843019,
        -11.361909485604201,
        -11.225129180371699,
        -11.1139433269613,
        -11.0231980437922,
        -10.8968545776156,
        -10.760436133591199,
        -10.6247033213296,
        -10.4890085997215,
        -10.3526092010238
      ],
      "height": [
        11155.9441393201,
        105676.178259709,
        154140.107573741,
        143838.690810446,
        58693.4841926647,
        3868.24141628521,
        190.696556458719,
        168.622444230742,
        21.9329822001782,
        12113.685407583,
        26669.480390539902,
        4361.12777869916,
        161.268515832559,
        427.310088353732,
        442.169004725813,
        168.62244423074
      ],
      "coeff": 1.262608346220533e-10
    }
  ]
}